2023-09-24T02:50:02.682677300, ing
2023-09-24T02:52:44.185876200, test
2023-09-24T02:52:45.920326, ing
2023-09-24T02:52:52.821617700, 
2023-09-24T02:52:52.884339500, 
2023-09-24T02:52:52.985729500, 
2023-09-24T02:52:53.131771900, 
2023-09-24T02:52:53.232854600, 
2023-09-24T02:52:54.988427900, vfd
2023-09-24T02:52:55.196624500, bg
2023-09-24T02:52:55.371396100, fedh
2023-09-24T02:52:55.582199400, tdfa
2023-09-24T02:52:55.754693700, bvg
2023-09-24T02:52:55.932809100, fdj
2023-09-24T02:52:56.121091, hgf
2023-09-24T02:52:56.270193800, sb
